Seed,Data,TestProportion,CandidateProportion,SelectorType,ModelType,DataArgs,SelectorArgs,ModelArgs,JobName,Output
0,BostonHousingBinned,0.2,0.8,TreeEnsembleQBCFunction,RandomForestClassificationFunction,"'{""N"": 1000, ""K"": 5}'","'{""TopCModels"": 100}'","'{""n_estimators"": 100, ""Seed"": 1, ""TopCModels"": 100, ""config"": {""regularization"": 0.01, ""rashomon_bound_multiplier"": 0.05}, ""Type"": ""Classification""}'",Seed0_DataBostonHousingBinned_TP0.2_CP0.8_STTreeEnsembleQBC_MTRandomForestClassificationRashomonNum100,BostonHousingBinned/RandomForestClassification/Raw/Seed0_DataBostonHousingBinned_TP0.2_CP0.8_STTreeEnsembleQBC_MTRandomForestClassificationRashomonNum100.pkl
1,BostonHousingBinned,0.2,0.8,TreeEnsembleQBCFunction,RandomForestClassificationFunction,"'{""N"": 1000, ""K"": 5}'","'{""TopCModels"": 100}'","'{""n_estimators"": 100, ""Seed"": 1, ""TopCModels"": 100, ""config"": {""regularization"": 0.01, ""rashomon_bound_multiplier"": 0.05}, ""Type"": ""Classification""}'",Seed1_DataBostonHousingBinned_TP0.2_CP0.8_STTreeEnsembleQBC_MTRandomForestClassificationRashomonNum100,BostonHousingBinned/RandomForestClassification/Raw/Seed1_DataBostonHousingBinned_TP0.2_CP0.8_STTreeEnsembleQBC_MTRandomForestClassificationRashomonNum100.pkl
2,BostonHousingBinned,0.2,0.8,TreeEnsembleQBCFunction,RandomForestClassificationFunction,"'{""N"": 1000, ""K"": 5}'","'{""TopCModels"": 100}'","'{""n_estimators"": 100, ""Seed"": 1, ""TopCModels"": 100, ""config"": {""regularization"": 0.01, ""rashomon_bound_multiplier"": 0.05}, ""Type"": ""Classification""}'",Seed2_DataBostonHousingBinned_TP0.2_CP0.8_STTreeEnsembleQBC_MTRandomForestClassificationRashomonNum100,BostonHousingBinned/RandomForestClassification/Raw/Seed2_DataBostonHousingBinned_TP0.2_CP0.8_STTreeEnsembleQBC_MTRandomForestClassificationRashomonNum100.pkl
3,BostonHousingBinned,0.2,0.8,TreeEnsembleQBCFunction,RandomForestClassificationFunction,"'{""N"": 1000, ""K"": 5}'","'{""TopCModels"": 100}'","'{""n_estimators"": 100, ""Seed"": 1, ""TopCModels"": 100, ""config"": {""regularization"": 0.01, ""rashomon_bound_multiplier"": 0.05}, ""Type"": ""Classification""}'",Seed3_DataBostonHousingBinned_TP0.2_CP0.8_STTreeEnsembleQBC_MTRandomForestClassificationRashomonNum100,BostonHousingBinned/RandomForestClassification/Raw/Seed3_DataBostonHousingBinned_TP0.2_CP0.8_STTreeEnsembleQBC_MTRandomForestClassificationRashomonNum100.pkl
4,BostonHousingBinned,0.2,0.8,TreeEnsembleQBCFunction,RandomForestClassificationFunction,"'{""N"": 1000, ""K"": 5}'","'{""TopCModels"": 100}'","'{""n_estimators"": 100, ""Seed"": 1, ""TopCModels"": 100, ""config"": {""regularization"": 0.01, ""rashomon_bound_multiplier"": 0.05}, ""Type"": ""Classification""}'",Seed4_DataBostonHousingBinned_TP0.2_CP0.8_STTreeEnsembleQBC_MTRandomForestClassificationRashomonNum100,BostonHousingBinned/RandomForestClassification/Raw/Seed4_DataBostonHousingBinned_TP0.2_CP0.8_STTreeEnsembleQBC_MTRandomForestClassificationRashomonNum100.pkl
5,BostonHousingBinned,0.2,0.8,TreeEnsembleQBCFunction,RandomForestClassificationFunction,"'{""N"": 1000, ""K"": 5}'","'{""TopCModels"": 100}'","'{""n_estimators"": 100, ""Seed"": 1, ""TopCModels"": 100, ""config"": {""regularization"": 0.01, ""rashomon_bound_multiplier"": 0.05}, ""Type"": ""Classification""}'",Seed5_DataBostonHousingBinned_TP0.2_CP0.8_STTreeEnsembleQBC_MTRandomForestClassificationRashomonNum100,BostonHousingBinned/RandomForestClassification/Raw/Seed5_DataBostonHousingBinned_TP0.2_CP0.8_STTreeEnsembleQBC_MTRandomForestClassificationRashomonNum100.pkl
6,BostonHousingBinned,0.2,0.8,TreeEnsembleQBCFunction,RandomForestClassificationFunction,"'{""N"": 1000, ""K"": 5}'","'{""TopCModels"": 100}'","'{""n_estimators"": 100, ""Seed"": 1, ""TopCModels"": 100, ""config"": {""regularization"": 0.01, ""rashomon_bound_multiplier"": 0.05}, ""Type"": ""Classification""}'",Seed6_DataBostonHousingBinned_TP0.2_CP0.8_STTreeEnsembleQBC_MTRandomForestClassificationRashomonNum100,BostonHousingBinned/RandomForestClassification/Raw/Seed6_DataBostonHousingBinned_TP0.2_CP0.8_STTreeEnsembleQBC_MTRandomForestClassificationRashomonNum100.pkl
7,BostonHousingBinned,0.2,0.8,TreeEnsembleQBCFunction,RandomForestClassificationFunction,"'{""N"": 1000, ""K"": 5}'","'{""TopCModels"": 100}'","'{""n_estimators"": 100, ""Seed"": 1, ""TopCModels"": 100, ""config"": {""regularization"": 0.01, ""rashomon_bound_multiplier"": 0.05}, ""Type"": ""Classification""}'",Seed7_DataBostonHousingBinned_TP0.2_CP0.8_STTreeEnsembleQBC_MTRandomForestClassificationRashomonNum100,BostonHousingBinned/RandomForestClassification/Raw/Seed7_DataBostonHousingBinned_TP0.2_CP0.8_STTreeEnsembleQBC_MTRandomForestClassificationRashomonNum100.pkl
8,BostonHousingBinned,0.2,0.8,TreeEnsembleQBCFunction,RandomForestClassificationFunction,"'{""N"": 1000, ""K"": 5}'","'{""TopCModels"": 100}'","'{""n_estimators"": 100, ""Seed"": 1, ""TopCModels"": 100, ""config"": {""regularization"": 0.01, ""rashomon_bound_multiplier"": 0.05}, ""Type"": ""Classification""}'",Seed8_DataBostonHousingBinned_TP0.2_CP0.8_STTreeEnsembleQBC_MTRandomForestClassificationRashomonNum100,BostonHousingBinned/RandomForestClassification/Raw/Seed8_DataBostonHousingBinned_TP0.2_CP0.8_STTreeEnsembleQBC_MTRandomForestClassificationRashomonNum100.pkl
9,BostonHousingBinned,0.2,0.8,TreeEnsembleQBCFunction,RandomForestClassificationFunction,"'{""N"": 1000, ""K"": 5}'","'{""TopCModels"": 100}'","'{""n_estimators"": 100, ""Seed"": 1, ""TopCModels"": 100, ""config"": {""regularization"": 0.01, ""rashomon_bound_multiplier"": 0.05}, ""Type"": ""Classification""}'",Seed9_DataBostonHousingBinned_TP0.2_CP0.8_STTreeEnsembleQBC_MTRandomForestClassificationRashomonNum100,BostonHousingBinned/RandomForestClassification/Raw/Seed9_DataBostonHousingBinned_TP0.2_CP0.8_STTreeEnsembleQBC_MTRandomForestClassificationRashomonNum100.pkl
10,BostonHousingBinned,0.2,0.8,TreeEnsembleQBCFunction,RandomForestClassificationFunction,"'{""N"": 1000, ""K"": 5}'","'{""TopCModels"": 100}'","'{""n_estimators"": 100, ""Seed"": 1, ""TopCModels"": 100, ""config"": {""regularization"": 0.01, ""rashomon_bound_multiplier"": 0.05}, ""Type"": ""Classification""}'",Seed10_DataBostonHousingBinned_TP0.2_CP0.8_STTreeEnsembleQBC_MTRandomForestClassificationRashomonNum100,BostonHousingBinned/RandomForestClassification/Raw/Seed10_DataBostonHousingBinned_TP0.2_CP0.8_STTreeEnsembleQBC_MTRandomForestClassificationRashomonNum100.pkl
11,BostonHousingBinned,0.2,0.8,TreeEnsembleQBCFunction,RandomForestClassificationFunction,"'{""N"": 1000, ""K"": 5}'","'{""TopCModels"": 100}'","'{""n_estimators"": 100, ""Seed"": 1, ""TopCModels"": 100, ""config"": {""regularization"": 0.01, ""rashomon_bound_multiplier"": 0.05}, ""Type"": ""Classification""}'",Seed11_DataBostonHousingBinned_TP0.2_CP0.8_STTreeEnsembleQBC_MTRandomForestClassificationRashomonNum100,BostonHousingBinned/RandomForestClassification/Raw/Seed11_DataBostonHousingBinned_TP0.2_CP0.8_STTreeEnsembleQBC_MTRandomForestClassificationRashomonNum100.pkl
12,BostonHousingBinned,0.2,0.8,TreeEnsembleQBCFunction,RandomForestClassificationFunction,"'{""N"": 1000, ""K"": 5}'","'{""TopCModels"": 100}'","'{""n_estimators"": 100, ""Seed"": 1, ""TopCModels"": 100, ""config"": {""regularization"": 0.01, ""rashomon_bound_multiplier"": 0.05}, ""Type"": ""Classification""}'",Seed12_DataBostonHousingBinned_TP0.2_CP0.8_STTreeEnsembleQBC_MTRandomForestClassificationRashomonNum100,BostonHousingBinned/RandomForestClassification/Raw/Seed12_DataBostonHousingBinned_TP0.2_CP0.8_STTreeEnsembleQBC_MTRandomForestClassificationRashomonNum100.pkl
13,BostonHousingBinned,0.2,0.8,TreeEnsembleQBCFunction,RandomForestClassificationFunction,"'{""N"": 1000, ""K"": 5}'","'{""TopCModels"": 100}'","'{""n_estimators"": 100, ""Seed"": 1, ""TopCModels"": 100, ""config"": {""regularization"": 0.01, ""rashomon_bound_multiplier"": 0.05}, ""Type"": ""Classification""}'",Seed13_DataBostonHousingBinned_TP0.2_CP0.8_STTreeEnsembleQBC_MTRandomForestClassificationRashomonNum100,BostonHousingBinned/RandomForestClassification/Raw/Seed13_DataBostonHousingBinned_TP0.2_CP0.8_STTreeEnsembleQBC_MTRandomForestClassificationRashomonNum100.pkl
14,BostonHousingBinned,0.2,0.8,TreeEnsembleQBCFunction,RandomForestClassificationFunction,"'{""N"": 1000, ""K"": 5}'","'{""TopCModels"": 100}'","'{""n_estimators"": 100, ""Seed"": 1, ""TopCModels"": 100, ""config"": {""regularization"": 0.01, ""rashomon_bound_multiplier"": 0.05}, ""Type"": ""Classification""}'",Seed14_DataBostonHousingBinned_TP0.2_CP0.8_STTreeEnsembleQBC_MTRandomForestClassificationRashomonNum100,BostonHousingBinned/RandomForestClassification/Raw/Seed14_DataBostonHousingBinned_TP0.2_CP0.8_STTreeEnsembleQBC_MTRandomForestClassificationRashomonNum100.pkl
15,BostonHousingBinned,0.2,0.8,TreeEnsembleQBCFunction,RandomForestClassificationFunction,"'{""N"": 1000, ""K"": 5}'","'{""TopCModels"": 100}'","'{""n_estimators"": 100, ""Seed"": 1, ""TopCModels"": 100, ""config"": {""regularization"": 0.01, ""rashomon_bound_multiplier"": 0.05}, ""Type"": ""Classification""}'",Seed15_DataBostonHousingBinned_TP0.2_CP0.8_STTreeEnsembleQBC_MTRandomForestClassificationRashomonNum100,BostonHousingBinned/RandomForestClassification/Raw/Seed15_DataBostonHousingBinned_TP0.2_CP0.8_STTreeEnsembleQBC_MTRandomForestClassificationRashomonNum100.pkl
16,BostonHousingBinned,0.2,0.8,TreeEnsembleQBCFunction,RandomForestClassificationFunction,"'{""N"": 1000, ""K"": 5}'","'{""TopCModels"": 100}'","'{""n_estimators"": 100, ""Seed"": 1, ""TopCModels"": 100, ""config"": {""regularization"": 0.01, ""rashomon_bound_multiplier"": 0.05}, ""Type"": ""Classification""}'",Seed16_DataBostonHousingBinned_TP0.2_CP0.8_STTreeEnsembleQBC_MTRandomForestClassificationRashomonNum100,BostonHousingBinned/RandomForestClassification/Raw/Seed16_DataBostonHousingBinned_TP0.2_CP0.8_STTreeEnsembleQBC_MTRandomForestClassificationRashomonNum100.pkl
17,BostonHousingBinned,0.2,0.8,TreeEnsembleQBCFunction,RandomForestClassificationFunction,"'{""N"": 1000, ""K"": 5}'","'{""TopCModels"": 100}'","'{""n_estimators"": 100, ""Seed"": 1, ""TopCModels"": 100, ""config"": {""regularization"": 0.01, ""rashomon_bound_multiplier"": 0.05}, ""Type"": ""Classification""}'",Seed17_DataBostonHousingBinned_TP0.2_CP0.8_STTreeEnsembleQBC_MTRandomForestClassificationRashomonNum100,BostonHousingBinned/RandomForestClassification/Raw/Seed17_DataBostonHousingBinned_TP0.2_CP0.8_STTreeEnsembleQBC_MTRandomForestClassificationRashomonNum100.pkl
18,BostonHousingBinned,0.2,0.8,TreeEnsembleQBCFunction,RandomForestClassificationFunction,"'{""N"": 1000, ""K"": 5}'","'{""TopCModels"": 100}'","'{""n_estimators"": 100, ""Seed"": 1, ""TopCModels"": 100, ""config"": {""regularization"": 0.01, ""rashomon_bound_multiplier"": 0.05}, ""Type"": ""Classification""}'",Seed18_DataBostonHousingBinned_TP0.2_CP0.8_STTreeEnsembleQBC_MTRandomForestClassificationRashomonNum100,BostonHousingBinned/RandomForestClassification/Raw/Seed18_DataBostonHousingBinned_TP0.2_CP0.8_STTreeEnsembleQBC_MTRandomForestClassificationRashomonNum100.pkl
19,BostonHousingBinned,0.2,0.8,TreeEnsembleQBCFunction,RandomForestClassificationFunction,"'{""N"": 1000, ""K"": 5}'","'{""TopCModels"": 100}'","'{""n_estimators"": 100, ""Seed"": 1, ""TopCModels"": 100, ""config"": {""regularization"": 0.01, ""rashomon_bound_multiplier"": 0.05}, ""Type"": ""Classification""}'",Seed19_DataBostonHousingBinned_TP0.2_CP0.8_STTreeEnsembleQBC_MTRandomForestClassificationRashomonNum100,BostonHousingBinned/RandomForestClassification/Raw/Seed19_DataBostonHousingBinned_TP0.2_CP0.8_STTreeEnsembleQBC_MTRandomForestClassificationRashomonNum100.pkl
20,BostonHousingBinned,0.2,0.8,TreeEnsembleQBCFunction,RandomForestClassificationFunction,"'{""N"": 1000, ""K"": 5}'","'{""TopCModels"": 100}'","'{""n_estimators"": 100, ""Seed"": 1, ""TopCModels"": 100, ""config"": {""regularization"": 0.01, ""rashomon_bound_multiplier"": 0.05}, ""Type"": ""Classification""}'",Seed20_DataBostonHousingBinned_TP0.2_CP0.8_STTreeEnsembleQBC_MTRandomForestClassificationRashomonNum100,BostonHousingBinned/RandomForestClassification/Raw/Seed20_DataBostonHousingBinned_TP0.2_CP0.8_STTreeEnsembleQBC_MTRandomForestClassificationRashomonNum100.pkl
21,BostonHousingBinned,0.2,0.8,TreeEnsembleQBCFunction,RandomForestClassificationFunction,"'{""N"": 1000, ""K"": 5}'","'{""TopCModels"": 100}'","'{""n_estimators"": 100, ""Seed"": 1, ""TopCModels"": 100, ""config"": {""regularization"": 0.01, ""rashomon_bound_multiplier"": 0.05}, ""Type"": ""Classification""}'",Seed21_DataBostonHousingBinned_TP0.2_CP0.8_STTreeEnsembleQBC_MTRandomForestClassificationRashomonNum100,BostonHousingBinned/RandomForestClassification/Raw/Seed21_DataBostonHousingBinned_TP0.2_CP0.8_STTreeEnsembleQBC_MTRandomForestClassificationRashomonNum100.pkl
22,BostonHousingBinned,0.2,0.8,TreeEnsembleQBCFunction,RandomForestClassificationFunction,"'{""N"": 1000, ""K"": 5}'","'{""TopCModels"": 100}'","'{""n_estimators"": 100, ""Seed"": 1, ""TopCModels"": 100, ""config"": {""regularization"": 0.01, ""rashomon_bound_multiplier"": 0.05}, ""Type"": ""Classification""}'",Seed22_DataBostonHousingBinned_TP0.2_CP0.8_STTreeEnsembleQBC_MTRandomForestClassificationRashomonNum100,BostonHousingBinned/RandomForestClassification/Raw/Seed22_DataBostonHousingBinned_TP0.2_CP0.8_STTreeEnsembleQBC_MTRandomForestClassificationRashomonNum100.pkl
23,BostonHousingBinned,0.2,0.8,TreeEnsembleQBCFunction,RandomForestClassificationFunction,"'{""N"": 1000, ""K"": 5}'","'{""TopCModels"": 100}'","'{""n_estimators"": 100, ""Seed"": 1, ""TopCModels"": 100, ""config"": {""regularization"": 0.01, ""rashomon_bound_multiplier"": 0.05}, ""Type"": ""Classification""}'",Seed23_DataBostonHousingBinned_TP0.2_CP0.8_STTreeEnsembleQBC_MTRandomForestClassificationRashomonNum100,BostonHousingBinned/RandomForestClassification/Raw/Seed23_DataBostonHousingBinned_TP0.2_CP0.8_STTreeEnsembleQBC_MTRandomForestClassificationRashomonNum100.pkl
24,BostonHousingBinned,0.2,0.8,TreeEnsembleQBCFunction,RandomForestClassificationFunction,"'{""N"": 1000, ""K"": 5}'","'{""TopCModels"": 100}'","'{""n_estimators"": 100, ""Seed"": 1, ""TopCModels"": 100, ""config"": {""regularization"": 0.01, ""rashomon_bound_multiplier"": 0.05}, ""Type"": ""Classification""}'",Seed24_DataBostonHousingBinned_TP0.2_CP0.8_STTreeEnsembleQBC_MTRandomForestClassificationRashomonNum100,BostonHousingBinned/RandomForestClassification/Raw/Seed24_DataBostonHousingBinned_TP0.2_CP0.8_STTreeEnsembleQBC_MTRandomForestClassificationRashomonNum100.pkl
25,BostonHousingBinned,0.2,0.8,TreeEnsembleQBCFunction,RandomForestClassificationFunction,"'{""N"": 1000, ""K"": 5}'","'{""TopCModels"": 100}'","'{""n_estimators"": 100, ""Seed"": 1, ""TopCModels"": 100, ""config"": {""regularization"": 0.01, ""rashomon_bound_multiplier"": 0.05}, ""Type"": ""Classification""}'",Seed25_DataBostonHousingBinned_TP0.2_CP0.8_STTreeEnsembleQBC_MTRandomForestClassificationRashomonNum100,BostonHousingBinned/RandomForestClassification/Raw/Seed25_DataBostonHousingBinned_TP0.2_CP0.8_STTreeEnsembleQBC_MTRandomForestClassificationRashomonNum100.pkl
26,BostonHousingBinned,0.2,0.8,TreeEnsembleQBCFunction,RandomForestClassificationFunction,"'{""N"": 1000, ""K"": 5}'","'{""TopCModels"": 100}'","'{""n_estimators"": 100, ""Seed"": 1, ""TopCModels"": 100, ""config"": {""regularization"": 0.01, ""rashomon_bound_multiplier"": 0.05}, ""Type"": ""Classification""}'",Seed26_DataBostonHousingBinned_TP0.2_CP0.8_STTreeEnsembleQBC_MTRandomForestClassificationRashomonNum100,BostonHousingBinned/RandomForestClassification/Raw/Seed26_DataBostonHousingBinned_TP0.2_CP0.8_STTreeEnsembleQBC_MTRandomForestClassificationRashomonNum100.pkl
27,BostonHousingBinned,0.2,0.8,TreeEnsembleQBCFunction,RandomForestClassificationFunction,"'{""N"": 1000, ""K"": 5}'","'{""TopCModels"": 100}'","'{""n_estimators"": 100, ""Seed"": 1, ""TopCModels"": 100, ""config"": {""regularization"": 0.01, ""rashomon_bound_multiplier"": 0.05}, ""Type"": ""Classification""}'",Seed27_DataBostonHousingBinned_TP0.2_CP0.8_STTreeEnsembleQBC_MTRandomForestClassificationRashomonNum100,BostonHousingBinned/RandomForestClassification/Raw/Seed27_DataBostonHousingBinned_TP0.2_CP0.8_STTreeEnsembleQBC_MTRandomForestClassificationRashomonNum100.pkl
28,BostonHousingBinned,0.2,0.8,TreeEnsembleQBCFunction,RandomForestClassificationFunction,"'{""N"": 1000, ""K"": 5}'","'{""TopCModels"": 100}'","'{""n_estimators"": 100, ""Seed"": 1, ""TopCModels"": 100, ""config"": {""regularization"": 0.01, ""rashomon_bound_multiplier"": 0.05}, ""Type"": ""Classification""}'",Seed28_DataBostonHousingBinned_TP0.2_CP0.8_STTreeEnsembleQBC_MTRandomForestClassificationRashomonNum100,BostonHousingBinned/RandomForestClassification/Raw/Seed28_DataBostonHousingBinned_TP0.2_CP0.8_STTreeEnsembleQBC_MTRandomForestClassificationRashomonNum100.pkl
29,BostonHousingBinned,0.2,0.8,TreeEnsembleQBCFunction,RandomForestClassificationFunction,"'{""N"": 1000, ""K"": 5}'","'{""TopCModels"": 100}'","'{""n_estimators"": 100, ""Seed"": 1, ""TopCModels"": 100, ""config"": {""regularization"": 0.01, ""rashomon_bound_multiplier"": 0.05}, ""Type"": ""Classification""}'",Seed29_DataBostonHousingBinned_TP0.2_CP0.8_STTreeEnsembleQBC_MTRandomForestClassificationRashomonNum100,BostonHousingBinned/RandomForestClassification/Raw/Seed29_DataBostonHousingBinned_TP0.2_CP0.8_STTreeEnsembleQBC_MTRandomForestClassificationRashomonNum100.pkl
30,BostonHousingBinned,0.2,0.8,TreeEnsembleQBCFunction,RandomForestClassificationFunction,"'{""N"": 1000, ""K"": 5}'","'{""TopCModels"": 100}'","'{""n_estimators"": 100, ""Seed"": 1, ""TopCModels"": 100, ""config"": {""regularization"": 0.01, ""rashomon_bound_multiplier"": 0.05}, ""Type"": ""Classification""}'",Seed30_DataBostonHousingBinned_TP0.2_CP0.8_STTreeEnsembleQBC_MTRandomForestClassificationRashomonNum100,BostonHousingBinned/RandomForestClassification/Raw/Seed30_DataBostonHousingBinned_TP0.2_CP0.8_STTreeEnsembleQBC_MTRandomForestClassificationRashomonNum100.pkl
31,BostonHousingBinned,0.2,0.8,TreeEnsembleQBCFunction,RandomForestClassificationFunction,"'{""N"": 1000, ""K"": 5}'","'{""TopCModels"": 100}'","'{""n_estimators"": 100, ""Seed"": 1, ""TopCModels"": 100, ""config"": {""regularization"": 0.01, ""rashomon_bound_multiplier"": 0.05}, ""Type"": ""Classification""}'",Seed31_DataBostonHousingBinned_TP0.2_CP0.8_STTreeEnsembleQBC_MTRandomForestClassificationRashomonNum100,BostonHousingBinned/RandomForestClassification/Raw/Seed31_DataBostonHousingBinned_TP0.2_CP0.8_STTreeEnsembleQBC_MTRandomForestClassificationRashomonNum100.pkl
32,BostonHousingBinned,0.2,0.8,TreeEnsembleQBCFunction,RandomForestClassificationFunction,"'{""N"": 1000, ""K"": 5}'","'{""TopCModels"": 100}'","'{""n_estimators"": 100, ""Seed"": 1, ""TopCModels"": 100, ""config"": {""regularization"": 0.01, ""rashomon_bound_multiplier"": 0.05}, ""Type"": ""Classification""}'",Seed32_DataBostonHousingBinned_TP0.2_CP0.8_STTreeEnsembleQBC_MTRandomForestClassificationRashomonNum100,BostonHousingBinned/RandomForestClassification/Raw/Seed32_DataBostonHousingBinned_TP0.2_CP0.8_STTreeEnsembleQBC_MTRandomForestClassificationRashomonNum100.pkl
33,BostonHousingBinned,0.2,0.8,TreeEnsembleQBCFunction,RandomForestClassificationFunction,"'{""N"": 1000, ""K"": 5}'","'{""TopCModels"": 100}'","'{""n_estimators"": 100, ""Seed"": 1, ""TopCModels"": 100, ""config"": {""regularization"": 0.01, ""rashomon_bound_multiplier"": 0.05}, ""Type"": ""Classification""}'",Seed33_DataBostonHousingBinned_TP0.2_CP0.8_STTreeEnsembleQBC_MTRandomForestClassificationRashomonNum100,BostonHousingBinned/RandomForestClassification/Raw/Seed33_DataBostonHousingBinned_TP0.2_CP0.8_STTreeEnsembleQBC_MTRandomForestClassificationRashomonNum100.pkl
34,BostonHousingBinned,0.2,0.8,TreeEnsembleQBCFunction,RandomForestClassificationFunction,"'{""N"": 1000, ""K"": 5}'","'{""TopCModels"": 100}'","'{""n_estimators"": 100, ""Seed"": 1, ""TopCModels"": 100, ""config"": {""regularization"": 0.01, ""rashomon_bound_multiplier"": 0.05}, ""Type"": ""Classification""}'",Seed34_DataBostonHousingBinned_TP0.2_CP0.8_STTreeEnsembleQBC_MTRandomForestClassificationRashomonNum100,BostonHousingBinned/RandomForestClassification/Raw/Seed34_DataBostonHousingBinned_TP0.2_CP0.8_STTreeEnsembleQBC_MTRandomForestClassificationRashomonNum100.pkl
35,BostonHousingBinned,0.2,0.8,TreeEnsembleQBCFunction,RandomForestClassificationFunction,"'{""N"": 1000, ""K"": 5}'","'{""TopCModels"": 100}'","'{""n_estimators"": 100, ""Seed"": 1, ""TopCModels"": 100, ""config"": {""regularization"": 0.01, ""rashomon_bound_multiplier"": 0.05}, ""Type"": ""Classification""}'",Seed35_DataBostonHousingBinned_TP0.2_CP0.8_STTreeEnsembleQBC_MTRandomForestClassificationRashomonNum100,BostonHousingBinned/RandomForestClassification/Raw/Seed35_DataBostonHousingBinned_TP0.2_CP0.8_STTreeEnsembleQBC_MTRandomForestClassificationRashomonNum100.pkl
36,BostonHousingBinned,0.2,0.8,TreeEnsembleQBCFunction,RandomForestClassificationFunction,"'{""N"": 1000, ""K"": 5}'","'{""TopCModels"": 100}'","'{""n_estimators"": 100, ""Seed"": 1, ""TopCModels"": 100, ""config"": {""regularization"": 0.01, ""rashomon_bound_multiplier"": 0.05}, ""Type"": ""Classification""}'",Seed36_DataBostonHousingBinned_TP0.2_CP0.8_STTreeEnsembleQBC_MTRandomForestClassificationRashomonNum100,BostonHousingBinned/RandomForestClassification/Raw/Seed36_DataBostonHousingBinned_TP0.2_CP0.8_STTreeEnsembleQBC_MTRandomForestClassificationRashomonNum100.pkl
37,BostonHousingBinned,0.2,0.8,TreeEnsembleQBCFunction,RandomForestClassificationFunction,"'{""N"": 1000, ""K"": 5}'","'{""TopCModels"": 100}'","'{""n_estimators"": 100, ""Seed"": 1, ""TopCModels"": 100, ""config"": {""regularization"": 0.01, ""rashomon_bound_multiplier"": 0.05}, ""Type"": ""Classification""}'",Seed37_DataBostonHousingBinned_TP0.2_CP0.8_STTreeEnsembleQBC_MTRandomForestClassificationRashomonNum100,BostonHousingBinned/RandomForestClassification/Raw/Seed37_DataBostonHousingBinned_TP0.2_CP0.8_STTreeEnsembleQBC_MTRandomForestClassificationRashomonNum100.pkl
38,BostonHousingBinned,0.2,0.8,TreeEnsembleQBCFunction,RandomForestClassificationFunction,"'{""N"": 1000, ""K"": 5}'","'{""TopCModels"": 100}'","'{""n_estimators"": 100, ""Seed"": 1, ""TopCModels"": 100, ""config"": {""regularization"": 0.01, ""rashomon_bound_multiplier"": 0.05}, ""Type"": ""Classification""}'",Seed38_DataBostonHousingBinned_TP0.2_CP0.8_STTreeEnsembleQBC_MTRandomForestClassificationRashomonNum100,BostonHousingBinned/RandomForestClassification/Raw/Seed38_DataBostonHousingBinned_TP0.2_CP0.8_STTreeEnsembleQBC_MTRandomForestClassificationRashomonNum100.pkl
39,BostonHousingBinned,0.2,0.8,TreeEnsembleQBCFunction,RandomForestClassificationFunction,"'{""N"": 1000, ""K"": 5}'","'{""TopCModels"": 100}'","'{""n_estimators"": 100, ""Seed"": 1, ""TopCModels"": 100, ""config"": {""regularization"": 0.01, ""rashomon_bound_multiplier"": 0.05}, ""Type"": ""Classification""}'",Seed39_DataBostonHousingBinned_TP0.2_CP0.8_STTreeEnsembleQBC_MTRandomForestClassificationRashomonNum100,BostonHousingBinned/RandomForestClassification/Raw/Seed39_DataBostonHousingBinned_TP0.2_CP0.8_STTreeEnsembleQBC_MTRandomForestClassificationRashomonNum100.pkl
40,BostonHousingBinned,0.2,0.8,TreeEnsembleQBCFunction,RandomForestClassificationFunction,"'{""N"": 1000, ""K"": 5}'","'{""TopCModels"": 100}'","'{""n_estimators"": 100, ""Seed"": 1, ""TopCModels"": 100, ""config"": {""regularization"": 0.01, ""rashomon_bound_multiplier"": 0.05}, ""Type"": ""Classification""}'",Seed40_DataBostonHousingBinned_TP0.2_CP0.8_STTreeEnsembleQBC_MTRandomForestClassificationRashomonNum100,BostonHousingBinned/RandomForestClassification/Raw/Seed40_DataBostonHousingBinned_TP0.2_CP0.8_STTreeEnsembleQBC_MTRandomForestClassificationRashomonNum100.pkl
41,BostonHousingBinned,0.2,0.8,TreeEnsembleQBCFunction,RandomForestClassificationFunction,"'{""N"": 1000, ""K"": 5}'","'{""TopCModels"": 100}'","'{""n_estimators"": 100, ""Seed"": 1, ""TopCModels"": 100, ""config"": {""regularization"": 0.01, ""rashomon_bound_multiplier"": 0.05}, ""Type"": ""Classification""}'",Seed41_DataBostonHousingBinned_TP0.2_CP0.8_STTreeEnsembleQBC_MTRandomForestClassificationRashomonNum100,BostonHousingBinned/RandomForestClassification/Raw/Seed41_DataBostonHousingBinned_TP0.2_CP0.8_STTreeEnsembleQBC_MTRandomForestClassificationRashomonNum100.pkl
42,BostonHousingBinned,0.2,0.8,TreeEnsembleQBCFunction,RandomForestClassificationFunction,"'{""N"": 1000, ""K"": 5}'","'{""TopCModels"": 100}'","'{""n_estimators"": 100, ""Seed"": 1, ""TopCModels"": 100, ""config"": {""regularization"": 0.01, ""rashomon_bound_multiplier"": 0.05}, ""Type"": ""Classification""}'",Seed42_DataBostonHousingBinned_TP0.2_CP0.8_STTreeEnsembleQBC_MTRandomForestClassificationRashomonNum100,BostonHousingBinned/RandomForestClassification/Raw/Seed42_DataBostonHousingBinned_TP0.2_CP0.8_STTreeEnsembleQBC_MTRandomForestClassificationRashomonNum100.pkl
43,BostonHousingBinned,0.2,0.8,TreeEnsembleQBCFunction,RandomForestClassificationFunction,"'{""N"": 1000, ""K"": 5}'","'{""TopCModels"": 100}'","'{""n_estimators"": 100, ""Seed"": 1, ""TopCModels"": 100, ""config"": {""regularization"": 0.01, ""rashomon_bound_multiplier"": 0.05}, ""Type"": ""Classification""}'",Seed43_DataBostonHousingBinned_TP0.2_CP0.8_STTreeEnsembleQBC_MTRandomForestClassificationRashomonNum100,BostonHousingBinned/RandomForestClassification/Raw/Seed43_DataBostonHousingBinned_TP0.2_CP0.8_STTreeEnsembleQBC_MTRandomForestClassificationRashomonNum100.pkl
44,BostonHousingBinned,0.2,0.8,TreeEnsembleQBCFunction,RandomForestClassificationFunction,"'{""N"": 1000, ""K"": 5}'","'{""TopCModels"": 100}'","'{""n_estimators"": 100, ""Seed"": 1, ""TopCModels"": 100, ""config"": {""regularization"": 0.01, ""rashomon_bound_multiplier"": 0.05}, ""Type"": ""Classification""}'",Seed44_DataBostonHousingBinned_TP0.2_CP0.8_STTreeEnsembleQBC_MTRandomForestClassificationRashomonNum100,BostonHousingBinned/RandomForestClassification/Raw/Seed44_DataBostonHousingBinned_TP0.2_CP0.8_STTreeEnsembleQBC_MTRandomForestClassificationRashomonNum100.pkl
45,BostonHousingBinned,0.2,0.8,TreeEnsembleQBCFunction,RandomForestClassificationFunction,"'{""N"": 1000, ""K"": 5}'","'{""TopCModels"": 100}'","'{""n_estimators"": 100, ""Seed"": 1, ""TopCModels"": 100, ""config"": {""regularization"": 0.01, ""rashomon_bound_multiplier"": 0.05}, ""Type"": ""Classification""}'",Seed45_DataBostonHousingBinned_TP0.2_CP0.8_STTreeEnsembleQBC_MTRandomForestClassificationRashomonNum100,BostonHousingBinned/RandomForestClassification/Raw/Seed45_DataBostonHousingBinned_TP0.2_CP0.8_STTreeEnsembleQBC_MTRandomForestClassificationRashomonNum100.pkl
46,BostonHousingBinned,0.2,0.8,TreeEnsembleQBCFunction,RandomForestClassificationFunction,"'{""N"": 1000, ""K"": 5}'","'{""TopCModels"": 100}'","'{""n_estimators"": 100, ""Seed"": 1, ""TopCModels"": 100, ""config"": {""regularization"": 0.01, ""rashomon_bound_multiplier"": 0.05}, ""Type"": ""Classification""}'",Seed46_DataBostonHousingBinned_TP0.2_CP0.8_STTreeEnsembleQBC_MTRandomForestClassificationRashomonNum100,BostonHousingBinned/RandomForestClassification/Raw/Seed46_DataBostonHousingBinned_TP0.2_CP0.8_STTreeEnsembleQBC_MTRandomForestClassificationRashomonNum100.pkl
47,BostonHousingBinned,0.2,0.8,TreeEnsembleQBCFunction,RandomForestClassificationFunction,"'{""N"": 1000, ""K"": 5}'","'{""TopCModels"": 100}'","'{""n_estimators"": 100, ""Seed"": 1, ""TopCModels"": 100, ""config"": {""regularization"": 0.01, ""rashomon_bound_multiplier"": 0.05}, ""Type"": ""Classification""}'",Seed47_DataBostonHousingBinned_TP0.2_CP0.8_STTreeEnsembleQBC_MTRandomForestClassificationRashomonNum100,BostonHousingBinned/RandomForestClassification/Raw/Seed47_DataBostonHousingBinned_TP0.2_CP0.8_STTreeEnsembleQBC_MTRandomForestClassificationRashomonNum100.pkl
48,BostonHousingBinned,0.2,0.8,TreeEnsembleQBCFunction,RandomForestClassificationFunction,"'{""N"": 1000, ""K"": 5}'","'{""TopCModels"": 100}'","'{""n_estimators"": 100, ""Seed"": 1, ""TopCModels"": 100, ""config"": {""regularization"": 0.01, ""rashomon_bound_multiplier"": 0.05}, ""Type"": ""Classification""}'",Seed48_DataBostonHousingBinned_TP0.2_CP0.8_STTreeEnsembleQBC_MTRandomForestClassificationRashomonNum100,BostonHousingBinned/RandomForestClassification/Raw/Seed48_DataBostonHousingBinned_TP0.2_CP0.8_STTreeEnsembleQBC_MTRandomForestClassificationRashomonNum100.pkl
49,BostonHousingBinned,0.2,0.8,TreeEnsembleQBCFunction,RandomForestClassificationFunction,"'{""N"": 1000, ""K"": 5}'","'{""TopCModels"": 100}'","'{""n_estimators"": 100, ""Seed"": 1, ""TopCModels"": 100, ""config"": {""regularization"": 0.01, ""rashomon_bound_multiplier"": 0.05}, ""Type"": ""Classification""}'",Seed49_DataBostonHousingBinned_TP0.2_CP0.8_STTreeEnsembleQBC_MTRandomForestClassificationRashomonNum100,BostonHousingBinned/RandomForestClassification/Raw/Seed49_DataBostonHousingBinned_TP0.2_CP0.8_STTreeEnsembleQBC_MTRandomForestClassificationRashomonNum100.pkl
