Data,Seed,TestProportion,CandidateProportion,SelectorType,ModelType,UniqueErrorsInput,n_estimators,regularization,RashomonThresholdType,RashomonThreshold,Type,Partition,Time,Memory,JobName,Output
MONK1,0,0.2,0.8,TreeEnsembleQBCFunction,TreeFarmsFunction,0,100,0.01,Adder,0.02,Classification,compute,00:59:00,1000,0M1_DA0.02,MONK1/TreeFarms/Raw/0M1_DA0.02.pkl
MONK1,0,0.2,0.8,TreeEnsembleQBCFunction,TreeFarmsFunction,1,100,0.01,Adder,0.02,Classification,compute,00:59:00,1000,0M1_UA0.02,MONK1/TreeFarms/Raw/0M1_UA0.02.pkl
MONK1,1,0.2,0.8,TreeEnsembleQBCFunction,TreeFarmsFunction,0,100,0.01,Adder,0.02,Classification,compute,00:59:00,1000,1M1_DA0.02,MONK1/TreeFarms/Raw/1M1_DA0.02.pkl
MONK1,1,0.2,0.8,TreeEnsembleQBCFunction,TreeFarmsFunction,1,100,0.01,Adder,0.02,Classification,compute,00:59:00,1000,1M1_UA0.02,MONK1/TreeFarms/Raw/1M1_UA0.02.pkl
MONK1,2,0.2,0.8,TreeEnsembleQBCFunction,TreeFarmsFunction,0,100,0.01,Adder,0.02,Classification,compute,00:59:00,1000,2M1_DA0.02,MONK1/TreeFarms/Raw/2M1_DA0.02.pkl
MONK1,2,0.2,0.8,TreeEnsembleQBCFunction,TreeFarmsFunction,1,100,0.01,Adder,0.02,Classification,compute,00:59:00,1000,2M1_UA0.02,MONK1/TreeFarms/Raw/2M1_UA0.02.pkl
MONK1,3,0.2,0.8,TreeEnsembleQBCFunction,TreeFarmsFunction,0,100,0.01,Adder,0.02,Classification,compute,00:59:00,1000,3M1_DA0.02,MONK1/TreeFarms/Raw/3M1_DA0.02.pkl
MONK1,3,0.2,0.8,TreeEnsembleQBCFunction,TreeFarmsFunction,1,100,0.01,Adder,0.02,Classification,compute,00:59:00,1000,3M1_UA0.02,MONK1/TreeFarms/Raw/3M1_UA0.02.pkl
MONK1,4,0.2,0.8,TreeEnsembleQBCFunction,TreeFarmsFunction,0,100,0.01,Adder,0.02,Classification,compute,00:59:00,1000,4M1_DA0.02,MONK1/TreeFarms/Raw/4M1_DA0.02.pkl
MONK1,4,0.2,0.8,TreeEnsembleQBCFunction,TreeFarmsFunction,1,100,0.01,Adder,0.02,Classification,compute,00:59:00,1000,4M1_UA0.02,MONK1/TreeFarms/Raw/4M1_UA0.02.pkl
MONK1,5,0.2,0.8,TreeEnsembleQBCFunction,TreeFarmsFunction,0,100,0.01,Adder,0.02,Classification,compute,00:59:00,1000,5M1_DA0.02,MONK1/TreeFarms/Raw/5M1_DA0.02.pkl
MONK1,5,0.2,0.8,TreeEnsembleQBCFunction,TreeFarmsFunction,1,100,0.01,Adder,0.02,Classification,compute,00:59:00,1000,5M1_UA0.02,MONK1/TreeFarms/Raw/5M1_UA0.02.pkl
MONK1,6,0.2,0.8,TreeEnsembleQBCFunction,TreeFarmsFunction,0,100,0.01,Adder,0.02,Classification,compute,00:59:00,1000,6M1_DA0.02,MONK1/TreeFarms/Raw/6M1_DA0.02.pkl
MONK1,6,0.2,0.8,TreeEnsembleQBCFunction,TreeFarmsFunction,1,100,0.01,Adder,0.02,Classification,compute,00:59:00,1000,6M1_UA0.02,MONK1/TreeFarms/Raw/6M1_UA0.02.pkl
MONK1,7,0.2,0.8,TreeEnsembleQBCFunction,TreeFarmsFunction,0,100,0.01,Adder,0.02,Classification,compute,00:59:00,1000,7M1_DA0.02,MONK1/TreeFarms/Raw/7M1_DA0.02.pkl
MONK1,7,0.2,0.8,TreeEnsembleQBCFunction,TreeFarmsFunction,1,100,0.01,Adder,0.02,Classification,compute,00:59:00,1000,7M1_UA0.02,MONK1/TreeFarms/Raw/7M1_UA0.02.pkl
MONK1,8,0.2,0.8,TreeEnsembleQBCFunction,TreeFarmsFunction,0,100,0.01,Adder,0.02,Classification,compute,00:59:00,1000,8M1_DA0.02,MONK1/TreeFarms/Raw/8M1_DA0.02.pkl
MONK1,8,0.2,0.8,TreeEnsembleQBCFunction,TreeFarmsFunction,1,100,0.01,Adder,0.02,Classification,compute,00:59:00,1000,8M1_UA0.02,MONK1/TreeFarms/Raw/8M1_UA0.02.pkl
MONK1,9,0.2,0.8,TreeEnsembleQBCFunction,TreeFarmsFunction,0,100,0.01,Adder,0.02,Classification,compute,00:59:00,1000,9M1_DA0.02,MONK1/TreeFarms/Raw/9M1_DA0.02.pkl
MONK1,9,0.2,0.8,TreeEnsembleQBCFunction,TreeFarmsFunction,1,100,0.01,Adder,0.02,Classification,compute,00:59:00,1000,9M1_UA0.02,MONK1/TreeFarms/Raw/9M1_UA0.02.pkl
MONK1,10,0.2,0.8,TreeEnsembleQBCFunction,TreeFarmsFunction,0,100,0.01,Adder,0.02,Classification,compute,00:59:00,1000,10M1_DA0.02,MONK1/TreeFarms/Raw/10M1_DA0.02.pkl
MONK1,10,0.2,0.8,TreeEnsembleQBCFunction,TreeFarmsFunction,1,100,0.01,Adder,0.02,Classification,compute,00:59:00,1000,10M1_UA0.02,MONK1/TreeFarms/Raw/10M1_UA0.02.pkl
MONK1,11,0.2,0.8,TreeEnsembleQBCFunction,TreeFarmsFunction,0,100,0.01,Adder,0.02,Classification,compute,00:59:00,1000,11M1_DA0.02,MONK1/TreeFarms/Raw/11M1_DA0.02.pkl
MONK1,11,0.2,0.8,TreeEnsembleQBCFunction,TreeFarmsFunction,1,100,0.01,Adder,0.02,Classification,compute,00:59:00,1000,11M1_UA0.02,MONK1/TreeFarms/Raw/11M1_UA0.02.pkl
MONK1,12,0.2,0.8,TreeEnsembleQBCFunction,TreeFarmsFunction,0,100,0.01,Adder,0.02,Classification,compute,00:59:00,1000,12M1_DA0.02,MONK1/TreeFarms/Raw/12M1_DA0.02.pkl
MONK1,12,0.2,0.8,TreeEnsembleQBCFunction,TreeFarmsFunction,1,100,0.01,Adder,0.02,Classification,compute,00:59:00,1000,12M1_UA0.02,MONK1/TreeFarms/Raw/12M1_UA0.02.pkl
MONK1,13,0.2,0.8,TreeEnsembleQBCFunction,TreeFarmsFunction,0,100,0.01,Adder,0.02,Classification,compute,00:59:00,1000,13M1_DA0.02,MONK1/TreeFarms/Raw/13M1_DA0.02.pkl
MONK1,13,0.2,0.8,TreeEnsembleQBCFunction,TreeFarmsFunction,1,100,0.01,Adder,0.02,Classification,compute,00:59:00,1000,13M1_UA0.02,MONK1/TreeFarms/Raw/13M1_UA0.02.pkl
MONK1,14,0.2,0.8,TreeEnsembleQBCFunction,TreeFarmsFunction,0,100,0.01,Adder,0.02,Classification,compute,00:59:00,1000,14M1_DA0.02,MONK1/TreeFarms/Raw/14M1_DA0.02.pkl
MONK1,14,0.2,0.8,TreeEnsembleQBCFunction,TreeFarmsFunction,1,100,0.01,Adder,0.02,Classification,compute,00:59:00,1000,14M1_UA0.02,MONK1/TreeFarms/Raw/14M1_UA0.02.pkl
MONK1,15,0.2,0.8,TreeEnsembleQBCFunction,TreeFarmsFunction,0,100,0.01,Adder,0.02,Classification,compute,00:59:00,1000,15M1_DA0.02,MONK1/TreeFarms/Raw/15M1_DA0.02.pkl
MONK1,15,0.2,0.8,TreeEnsembleQBCFunction,TreeFarmsFunction,1,100,0.01,Adder,0.02,Classification,compute,00:59:00,1000,15M1_UA0.02,MONK1/TreeFarms/Raw/15M1_UA0.02.pkl
MONK1,16,0.2,0.8,TreeEnsembleQBCFunction,TreeFarmsFunction,0,100,0.01,Adder,0.02,Classification,compute,00:59:00,1000,16M1_DA0.02,MONK1/TreeFarms/Raw/16M1_DA0.02.pkl
MONK1,16,0.2,0.8,TreeEnsembleQBCFunction,TreeFarmsFunction,1,100,0.01,Adder,0.02,Classification,compute,00:59:00,1000,16M1_UA0.02,MONK1/TreeFarms/Raw/16M1_UA0.02.pkl
MONK1,17,0.2,0.8,TreeEnsembleQBCFunction,TreeFarmsFunction,0,100,0.01,Adder,0.02,Classification,compute,00:59:00,1000,17M1_DA0.02,MONK1/TreeFarms/Raw/17M1_DA0.02.pkl
MONK1,17,0.2,0.8,TreeEnsembleQBCFunction,TreeFarmsFunction,1,100,0.01,Adder,0.02,Classification,compute,00:59:00,1000,17M1_UA0.02,MONK1/TreeFarms/Raw/17M1_UA0.02.pkl
MONK1,18,0.2,0.8,TreeEnsembleQBCFunction,TreeFarmsFunction,0,100,0.01,Adder,0.02,Classification,compute,00:59:00,1000,18M1_DA0.02,MONK1/TreeFarms/Raw/18M1_DA0.02.pkl
MONK1,18,0.2,0.8,TreeEnsembleQBCFunction,TreeFarmsFunction,1,100,0.01,Adder,0.02,Classification,compute,00:59:00,1000,18M1_UA0.02,MONK1/TreeFarms/Raw/18M1_UA0.02.pkl
MONK1,19,0.2,0.8,TreeEnsembleQBCFunction,TreeFarmsFunction,0,100,0.01,Adder,0.02,Classification,compute,00:59:00,1000,19M1_DA0.02,MONK1/TreeFarms/Raw/19M1_DA0.02.pkl
MONK1,19,0.2,0.8,TreeEnsembleQBCFunction,TreeFarmsFunction,1,100,0.01,Adder,0.02,Classification,compute,00:59:00,1000,19M1_UA0.02,MONK1/TreeFarms/Raw/19M1_UA0.02.pkl
MONK1,20,0.2,0.8,TreeEnsembleQBCFunction,TreeFarmsFunction,0,100,0.01,Adder,0.02,Classification,compute,00:59:00,1000,20M1_DA0.02,MONK1/TreeFarms/Raw/20M1_DA0.02.pkl
MONK1,20,0.2,0.8,TreeEnsembleQBCFunction,TreeFarmsFunction,1,100,0.01,Adder,0.02,Classification,compute,00:59:00,1000,20M1_UA0.02,MONK1/TreeFarms/Raw/20M1_UA0.02.pkl
MONK1,21,0.2,0.8,TreeEnsembleQBCFunction,TreeFarmsFunction,0,100,0.01,Adder,0.02,Classification,compute,00:59:00,1000,21M1_DA0.02,MONK1/TreeFarms/Raw/21M1_DA0.02.pkl
MONK1,21,0.2,0.8,TreeEnsembleQBCFunction,TreeFarmsFunction,1,100,0.01,Adder,0.02,Classification,compute,00:59:00,1000,21M1_UA0.02,MONK1/TreeFarms/Raw/21M1_UA0.02.pkl
MONK1,22,0.2,0.8,TreeEnsembleQBCFunction,TreeFarmsFunction,0,100,0.01,Adder,0.02,Classification,compute,00:59:00,1000,22M1_DA0.02,MONK1/TreeFarms/Raw/22M1_DA0.02.pkl
MONK1,22,0.2,0.8,TreeEnsembleQBCFunction,TreeFarmsFunction,1,100,0.01,Adder,0.02,Classification,compute,00:59:00,1000,22M1_UA0.02,MONK1/TreeFarms/Raw/22M1_UA0.02.pkl
MONK1,23,0.2,0.8,TreeEnsembleQBCFunction,TreeFarmsFunction,0,100,0.01,Adder,0.02,Classification,compute,00:59:00,1000,23M1_DA0.02,MONK1/TreeFarms/Raw/23M1_DA0.02.pkl
MONK1,23,0.2,0.8,TreeEnsembleQBCFunction,TreeFarmsFunction,1,100,0.01,Adder,0.02,Classification,compute,00:59:00,1000,23M1_UA0.02,MONK1/TreeFarms/Raw/23M1_UA0.02.pkl
MONK1,24,0.2,0.8,TreeEnsembleQBCFunction,TreeFarmsFunction,0,100,0.01,Adder,0.02,Classification,compute,00:59:00,1000,24M1_DA0.02,MONK1/TreeFarms/Raw/24M1_DA0.02.pkl
MONK1,24,0.2,0.8,TreeEnsembleQBCFunction,TreeFarmsFunction,1,100,0.01,Adder,0.02,Classification,compute,00:59:00,1000,24M1_UA0.02,MONK1/TreeFarms/Raw/24M1_UA0.02.pkl
MONK1,25,0.2,0.8,TreeEnsembleQBCFunction,TreeFarmsFunction,0,100,0.01,Adder,0.02,Classification,compute,00:59:00,1000,25M1_DA0.02,MONK1/TreeFarms/Raw/25M1_DA0.02.pkl
MONK1,25,0.2,0.8,TreeEnsembleQBCFunction,TreeFarmsFunction,1,100,0.01,Adder,0.02,Classification,compute,00:59:00,1000,25M1_UA0.02,MONK1/TreeFarms/Raw/25M1_UA0.02.pkl
MONK1,26,0.2,0.8,TreeEnsembleQBCFunction,TreeFarmsFunction,0,100,0.01,Adder,0.02,Classification,compute,00:59:00,1000,26M1_DA0.02,MONK1/TreeFarms/Raw/26M1_DA0.02.pkl
MONK1,26,0.2,0.8,TreeEnsembleQBCFunction,TreeFarmsFunction,1,100,0.01,Adder,0.02,Classification,compute,00:59:00,1000,26M1_UA0.02,MONK1/TreeFarms/Raw/26M1_UA0.02.pkl
MONK1,27,0.2,0.8,TreeEnsembleQBCFunction,TreeFarmsFunction,0,100,0.01,Adder,0.02,Classification,compute,00:59:00,1000,27M1_DA0.02,MONK1/TreeFarms/Raw/27M1_DA0.02.pkl
MONK1,27,0.2,0.8,TreeEnsembleQBCFunction,TreeFarmsFunction,1,100,0.01,Adder,0.02,Classification,compute,00:59:00,1000,27M1_UA0.02,MONK1/TreeFarms/Raw/27M1_UA0.02.pkl
MONK1,28,0.2,0.8,TreeEnsembleQBCFunction,TreeFarmsFunction,0,100,0.01,Adder,0.02,Classification,compute,00:59:00,1000,28M1_DA0.02,MONK1/TreeFarms/Raw/28M1_DA0.02.pkl
MONK1,28,0.2,0.8,TreeEnsembleQBCFunction,TreeFarmsFunction,1,100,0.01,Adder,0.02,Classification,compute,00:59:00,1000,28M1_UA0.02,MONK1/TreeFarms/Raw/28M1_UA0.02.pkl
MONK1,29,0.2,0.8,TreeEnsembleQBCFunction,TreeFarmsFunction,0,100,0.01,Adder,0.02,Classification,compute,00:59:00,1000,29M1_DA0.02,MONK1/TreeFarms/Raw/29M1_DA0.02.pkl
MONK1,29,0.2,0.8,TreeEnsembleQBCFunction,TreeFarmsFunction,1,100,0.01,Adder,0.02,Classification,compute,00:59:00,1000,29M1_UA0.02,MONK1/TreeFarms/Raw/29M1_UA0.02.pkl
MONK1,30,0.2,0.8,TreeEnsembleQBCFunction,TreeFarmsFunction,0,100,0.01,Adder,0.02,Classification,compute,00:59:00,1000,30M1_DA0.02,MONK1/TreeFarms/Raw/30M1_DA0.02.pkl
MONK1,30,0.2,0.8,TreeEnsembleQBCFunction,TreeFarmsFunction,1,100,0.01,Adder,0.02,Classification,compute,00:59:00,1000,30M1_UA0.02,MONK1/TreeFarms/Raw/30M1_UA0.02.pkl
MONK1,31,0.2,0.8,TreeEnsembleQBCFunction,TreeFarmsFunction,0,100,0.01,Adder,0.02,Classification,compute,00:59:00,1000,31M1_DA0.02,MONK1/TreeFarms/Raw/31M1_DA0.02.pkl
MONK1,31,0.2,0.8,TreeEnsembleQBCFunction,TreeFarmsFunction,1,100,0.01,Adder,0.02,Classification,compute,00:59:00,1000,31M1_UA0.02,MONK1/TreeFarms/Raw/31M1_UA0.02.pkl
MONK1,32,0.2,0.8,TreeEnsembleQBCFunction,TreeFarmsFunction,0,100,0.01,Adder,0.02,Classification,compute,00:59:00,1000,32M1_DA0.02,MONK1/TreeFarms/Raw/32M1_DA0.02.pkl
MONK1,32,0.2,0.8,TreeEnsembleQBCFunction,TreeFarmsFunction,1,100,0.01,Adder,0.02,Classification,compute,00:59:00,1000,32M1_UA0.02,MONK1/TreeFarms/Raw/32M1_UA0.02.pkl
MONK1,33,0.2,0.8,TreeEnsembleQBCFunction,TreeFarmsFunction,0,100,0.01,Adder,0.02,Classification,compute,00:59:00,1000,33M1_DA0.02,MONK1/TreeFarms/Raw/33M1_DA0.02.pkl
MONK1,33,0.2,0.8,TreeEnsembleQBCFunction,TreeFarmsFunction,1,100,0.01,Adder,0.02,Classification,compute,00:59:00,1000,33M1_UA0.02,MONK1/TreeFarms/Raw/33M1_UA0.02.pkl
MONK1,34,0.2,0.8,TreeEnsembleQBCFunction,TreeFarmsFunction,0,100,0.01,Adder,0.02,Classification,compute,00:59:00,1000,34M1_DA0.02,MONK1/TreeFarms/Raw/34M1_DA0.02.pkl
MONK1,34,0.2,0.8,TreeEnsembleQBCFunction,TreeFarmsFunction,1,100,0.01,Adder,0.02,Classification,compute,00:59:00,1000,34M1_UA0.02,MONK1/TreeFarms/Raw/34M1_UA0.02.pkl
MONK1,35,0.2,0.8,TreeEnsembleQBCFunction,TreeFarmsFunction,0,100,0.01,Adder,0.02,Classification,compute,00:59:00,1000,35M1_DA0.02,MONK1/TreeFarms/Raw/35M1_DA0.02.pkl
MONK1,35,0.2,0.8,TreeEnsembleQBCFunction,TreeFarmsFunction,1,100,0.01,Adder,0.02,Classification,compute,00:59:00,1000,35M1_UA0.02,MONK1/TreeFarms/Raw/35M1_UA0.02.pkl
MONK1,36,0.2,0.8,TreeEnsembleQBCFunction,TreeFarmsFunction,0,100,0.01,Adder,0.02,Classification,compute,00:59:00,1000,36M1_DA0.02,MONK1/TreeFarms/Raw/36M1_DA0.02.pkl
MONK1,36,0.2,0.8,TreeEnsembleQBCFunction,TreeFarmsFunction,1,100,0.01,Adder,0.02,Classification,compute,00:59:00,1000,36M1_UA0.02,MONK1/TreeFarms/Raw/36M1_UA0.02.pkl
MONK1,37,0.2,0.8,TreeEnsembleQBCFunction,TreeFarmsFunction,0,100,0.01,Adder,0.02,Classification,compute,00:59:00,1000,37M1_DA0.02,MONK1/TreeFarms/Raw/37M1_DA0.02.pkl
MONK1,37,0.2,0.8,TreeEnsembleQBCFunction,TreeFarmsFunction,1,100,0.01,Adder,0.02,Classification,compute,00:59:00,1000,37M1_UA0.02,MONK1/TreeFarms/Raw/37M1_UA0.02.pkl
MONK1,38,0.2,0.8,TreeEnsembleQBCFunction,TreeFarmsFunction,0,100,0.01,Adder,0.02,Classification,compute,00:59:00,1000,38M1_DA0.02,MONK1/TreeFarms/Raw/38M1_DA0.02.pkl
MONK1,38,0.2,0.8,TreeEnsembleQBCFunction,TreeFarmsFunction,1,100,0.01,Adder,0.02,Classification,compute,00:59:00,1000,38M1_UA0.02,MONK1/TreeFarms/Raw/38M1_UA0.02.pkl
MONK1,39,0.2,0.8,TreeEnsembleQBCFunction,TreeFarmsFunction,0,100,0.01,Adder,0.02,Classification,compute,00:59:00,1000,39M1_DA0.02,MONK1/TreeFarms/Raw/39M1_DA0.02.pkl
MONK1,39,0.2,0.8,TreeEnsembleQBCFunction,TreeFarmsFunction,1,100,0.01,Adder,0.02,Classification,compute,00:59:00,1000,39M1_UA0.02,MONK1/TreeFarms/Raw/39M1_UA0.02.pkl
MONK1,40,0.2,0.8,TreeEnsembleQBCFunction,TreeFarmsFunction,0,100,0.01,Adder,0.02,Classification,compute,00:59:00,1000,40M1_DA0.02,MONK1/TreeFarms/Raw/40M1_DA0.02.pkl
MONK1,40,0.2,0.8,TreeEnsembleQBCFunction,TreeFarmsFunction,1,100,0.01,Adder,0.02,Classification,compute,00:59:00,1000,40M1_UA0.02,MONK1/TreeFarms/Raw/40M1_UA0.02.pkl
MONK1,41,0.2,0.8,TreeEnsembleQBCFunction,TreeFarmsFunction,0,100,0.01,Adder,0.02,Classification,compute,00:59:00,1000,41M1_DA0.02,MONK1/TreeFarms/Raw/41M1_DA0.02.pkl
MONK1,41,0.2,0.8,TreeEnsembleQBCFunction,TreeFarmsFunction,1,100,0.01,Adder,0.02,Classification,compute,00:59:00,1000,41M1_UA0.02,MONK1/TreeFarms/Raw/41M1_UA0.02.pkl
MONK1,42,0.2,0.8,TreeEnsembleQBCFunction,TreeFarmsFunction,0,100,0.01,Adder,0.02,Classification,compute,00:59:00,1000,42M1_DA0.02,MONK1/TreeFarms/Raw/42M1_DA0.02.pkl
MONK1,42,0.2,0.8,TreeEnsembleQBCFunction,TreeFarmsFunction,1,100,0.01,Adder,0.02,Classification,compute,00:59:00,1000,42M1_UA0.02,MONK1/TreeFarms/Raw/42M1_UA0.02.pkl
MONK1,43,0.2,0.8,TreeEnsembleQBCFunction,TreeFarmsFunction,0,100,0.01,Adder,0.02,Classification,compute,00:59:00,1000,43M1_DA0.02,MONK1/TreeFarms/Raw/43M1_DA0.02.pkl
MONK1,43,0.2,0.8,TreeEnsembleQBCFunction,TreeFarmsFunction,1,100,0.01,Adder,0.02,Classification,compute,00:59:00,1000,43M1_UA0.02,MONK1/TreeFarms/Raw/43M1_UA0.02.pkl
MONK1,44,0.2,0.8,TreeEnsembleQBCFunction,TreeFarmsFunction,0,100,0.01,Adder,0.02,Classification,compute,00:59:00,1000,44M1_DA0.02,MONK1/TreeFarms/Raw/44M1_DA0.02.pkl
MONK1,44,0.2,0.8,TreeEnsembleQBCFunction,TreeFarmsFunction,1,100,0.01,Adder,0.02,Classification,compute,00:59:00,1000,44M1_UA0.02,MONK1/TreeFarms/Raw/44M1_UA0.02.pkl
MONK1,45,0.2,0.8,TreeEnsembleQBCFunction,TreeFarmsFunction,0,100,0.01,Adder,0.02,Classification,compute,00:59:00,1000,45M1_DA0.02,MONK1/TreeFarms/Raw/45M1_DA0.02.pkl
MONK1,45,0.2,0.8,TreeEnsembleQBCFunction,TreeFarmsFunction,1,100,0.01,Adder,0.02,Classification,compute,00:59:00,1000,45M1_UA0.02,MONK1/TreeFarms/Raw/45M1_UA0.02.pkl
MONK1,46,0.2,0.8,TreeEnsembleQBCFunction,TreeFarmsFunction,0,100,0.01,Adder,0.02,Classification,compute,00:59:00,1000,46M1_DA0.02,MONK1/TreeFarms/Raw/46M1_DA0.02.pkl
MONK1,46,0.2,0.8,TreeEnsembleQBCFunction,TreeFarmsFunction,1,100,0.01,Adder,0.02,Classification,compute,00:59:00,1000,46M1_UA0.02,MONK1/TreeFarms/Raw/46M1_UA0.02.pkl
MONK1,47,0.2,0.8,TreeEnsembleQBCFunction,TreeFarmsFunction,0,100,0.01,Adder,0.02,Classification,compute,00:59:00,1000,47M1_DA0.02,MONK1/TreeFarms/Raw/47M1_DA0.02.pkl
MONK1,47,0.2,0.8,TreeEnsembleQBCFunction,TreeFarmsFunction,1,100,0.01,Adder,0.02,Classification,compute,00:59:00,1000,47M1_UA0.02,MONK1/TreeFarms/Raw/47M1_UA0.02.pkl
MONK1,48,0.2,0.8,TreeEnsembleQBCFunction,TreeFarmsFunction,0,100,0.01,Adder,0.02,Classification,compute,00:59:00,1000,48M1_DA0.02,MONK1/TreeFarms/Raw/48M1_DA0.02.pkl
MONK1,48,0.2,0.8,TreeEnsembleQBCFunction,TreeFarmsFunction,1,100,0.01,Adder,0.02,Classification,compute,00:59:00,1000,48M1_UA0.02,MONK1/TreeFarms/Raw/48M1_UA0.02.pkl
MONK1,49,0.2,0.8,TreeEnsembleQBCFunction,TreeFarmsFunction,0,100,0.01,Adder,0.02,Classification,compute,00:59:00,1000,49M1_DA0.02,MONK1/TreeFarms/Raw/49M1_DA0.02.pkl
MONK1,49,0.2,0.8,TreeEnsembleQBCFunction,TreeFarmsFunction,1,100,0.01,Adder,0.02,Classification,compute,00:59:00,1000,49M1_UA0.02,MONK1/TreeFarms/Raw/49M1_UA0.02.pkl
MONK1,50,0.2,0.8,TreeEnsembleQBCFunction,TreeFarmsFunction,0,100,0.01,Adder,0.02,Classification,compute,00:59:00,1000,50M1_DA0.02,MONK1/TreeFarms/Raw/50M1_DA0.02.pkl
MONK1,50,0.2,0.8,TreeEnsembleQBCFunction,TreeFarmsFunction,1,100,0.01,Adder,0.02,Classification,compute,00:59:00,1000,50M1_UA0.02,MONK1/TreeFarms/Raw/50M1_UA0.02.pkl
MONK1,51,0.2,0.8,TreeEnsembleQBCFunction,TreeFarmsFunction,0,100,0.01,Adder,0.02,Classification,compute,00:59:00,1000,51M1_DA0.02,MONK1/TreeFarms/Raw/51M1_DA0.02.pkl
MONK1,51,0.2,0.8,TreeEnsembleQBCFunction,TreeFarmsFunction,1,100,0.01,Adder,0.02,Classification,compute,00:59:00,1000,51M1_UA0.02,MONK1/TreeFarms/Raw/51M1_UA0.02.pkl
MONK1,52,0.2,0.8,TreeEnsembleQBCFunction,TreeFarmsFunction,0,100,0.01,Adder,0.02,Classification,compute,00:59:00,1000,52M1_DA0.02,MONK1/TreeFarms/Raw/52M1_DA0.02.pkl
MONK1,52,0.2,0.8,TreeEnsembleQBCFunction,TreeFarmsFunction,1,100,0.01,Adder,0.02,Classification,compute,00:59:00,1000,52M1_UA0.02,MONK1/TreeFarms/Raw/52M1_UA0.02.pkl
MONK1,53,0.2,0.8,TreeEnsembleQBCFunction,TreeFarmsFunction,0,100,0.01,Adder,0.02,Classification,compute,00:59:00,1000,53M1_DA0.02,MONK1/TreeFarms/Raw/53M1_DA0.02.pkl
MONK1,53,0.2,0.8,TreeEnsembleQBCFunction,TreeFarmsFunction,1,100,0.01,Adder,0.02,Classification,compute,00:59:00,1000,53M1_UA0.02,MONK1/TreeFarms/Raw/53M1_UA0.02.pkl
MONK1,54,0.2,0.8,TreeEnsembleQBCFunction,TreeFarmsFunction,0,100,0.01,Adder,0.02,Classification,compute,00:59:00,1000,54M1_DA0.02,MONK1/TreeFarms/Raw/54M1_DA0.02.pkl
MONK1,54,0.2,0.8,TreeEnsembleQBCFunction,TreeFarmsFunction,1,100,0.01,Adder,0.02,Classification,compute,00:59:00,1000,54M1_UA0.02,MONK1/TreeFarms/Raw/54M1_UA0.02.pkl
MONK1,55,0.2,0.8,TreeEnsembleQBCFunction,TreeFarmsFunction,0,100,0.01,Adder,0.02,Classification,compute,00:59:00,1000,55M1_DA0.02,MONK1/TreeFarms/Raw/55M1_DA0.02.pkl
MONK1,55,0.2,0.8,TreeEnsembleQBCFunction,TreeFarmsFunction,1,100,0.01,Adder,0.02,Classification,compute,00:59:00,1000,55M1_UA0.02,MONK1/TreeFarms/Raw/55M1_UA0.02.pkl
MONK1,56,0.2,0.8,TreeEnsembleQBCFunction,TreeFarmsFunction,0,100,0.01,Adder,0.02,Classification,compute,00:59:00,1000,56M1_DA0.02,MONK1/TreeFarms/Raw/56M1_DA0.02.pkl
MONK1,56,0.2,0.8,TreeEnsembleQBCFunction,TreeFarmsFunction,1,100,0.01,Adder,0.02,Classification,compute,00:59:00,1000,56M1_UA0.02,MONK1/TreeFarms/Raw/56M1_UA0.02.pkl
MONK1,57,0.2,0.8,TreeEnsembleQBCFunction,TreeFarmsFunction,0,100,0.01,Adder,0.02,Classification,compute,00:59:00,1000,57M1_DA0.02,MONK1/TreeFarms/Raw/57M1_DA0.02.pkl
MONK1,57,0.2,0.8,TreeEnsembleQBCFunction,TreeFarmsFunction,1,100,0.01,Adder,0.02,Classification,compute,00:59:00,1000,57M1_UA0.02,MONK1/TreeFarms/Raw/57M1_UA0.02.pkl
MONK1,58,0.2,0.8,TreeEnsembleQBCFunction,TreeFarmsFunction,0,100,0.01,Adder,0.02,Classification,compute,00:59:00,1000,58M1_DA0.02,MONK1/TreeFarms/Raw/58M1_DA0.02.pkl
MONK1,58,0.2,0.8,TreeEnsembleQBCFunction,TreeFarmsFunction,1,100,0.01,Adder,0.02,Classification,compute,00:59:00,1000,58M1_UA0.02,MONK1/TreeFarms/Raw/58M1_UA0.02.pkl
MONK1,59,0.2,0.8,TreeEnsembleQBCFunction,TreeFarmsFunction,0,100,0.01,Adder,0.02,Classification,compute,00:59:00,1000,59M1_DA0.02,MONK1/TreeFarms/Raw/59M1_DA0.02.pkl
MONK1,59,0.2,0.8,TreeEnsembleQBCFunction,TreeFarmsFunction,1,100,0.01,Adder,0.02,Classification,compute,00:59:00,1000,59M1_UA0.02,MONK1/TreeFarms/Raw/59M1_UA0.02.pkl
MONK1,60,0.2,0.8,TreeEnsembleQBCFunction,TreeFarmsFunction,0,100,0.01,Adder,0.02,Classification,compute,00:59:00,1000,60M1_DA0.02,MONK1/TreeFarms/Raw/60M1_DA0.02.pkl
MONK1,60,0.2,0.8,TreeEnsembleQBCFunction,TreeFarmsFunction,1,100,0.01,Adder,0.02,Classification,compute,00:59:00,1000,60M1_UA0.02,MONK1/TreeFarms/Raw/60M1_UA0.02.pkl
MONK1,61,0.2,0.8,TreeEnsembleQBCFunction,TreeFarmsFunction,0,100,0.01,Adder,0.02,Classification,compute,00:59:00,1000,61M1_DA0.02,MONK1/TreeFarms/Raw/61M1_DA0.02.pkl
MONK1,61,0.2,0.8,TreeEnsembleQBCFunction,TreeFarmsFunction,1,100,0.01,Adder,0.02,Classification,compute,00:59:00,1000,61M1_UA0.02,MONK1/TreeFarms/Raw/61M1_UA0.02.pkl
MONK1,62,0.2,0.8,TreeEnsembleQBCFunction,TreeFarmsFunction,0,100,0.01,Adder,0.02,Classification,compute,00:59:00,1000,62M1_DA0.02,MONK1/TreeFarms/Raw/62M1_DA0.02.pkl
MONK1,62,0.2,0.8,TreeEnsembleQBCFunction,TreeFarmsFunction,1,100,0.01,Adder,0.02,Classification,compute,00:59:00,1000,62M1_UA0.02,MONK1/TreeFarms/Raw/62M1_UA0.02.pkl
MONK1,63,0.2,0.8,TreeEnsembleQBCFunction,TreeFarmsFunction,0,100,0.01,Adder,0.02,Classification,compute,00:59:00,1000,63M1_DA0.02,MONK1/TreeFarms/Raw/63M1_DA0.02.pkl
MONK1,63,0.2,0.8,TreeEnsembleQBCFunction,TreeFarmsFunction,1,100,0.01,Adder,0.02,Classification,compute,00:59:00,1000,63M1_UA0.02,MONK1/TreeFarms/Raw/63M1_UA0.02.pkl
MONK1,64,0.2,0.8,TreeEnsembleQBCFunction,TreeFarmsFunction,0,100,0.01,Adder,0.02,Classification,compute,00:59:00,1000,64M1_DA0.02,MONK1/TreeFarms/Raw/64M1_DA0.02.pkl
MONK1,64,0.2,0.8,TreeEnsembleQBCFunction,TreeFarmsFunction,1,100,0.01,Adder,0.02,Classification,compute,00:59:00,1000,64M1_UA0.02,MONK1/TreeFarms/Raw/64M1_UA0.02.pkl
MONK1,65,0.2,0.8,TreeEnsembleQBCFunction,TreeFarmsFunction,0,100,0.01,Adder,0.02,Classification,compute,00:59:00,1000,65M1_DA0.02,MONK1/TreeFarms/Raw/65M1_DA0.02.pkl
MONK1,65,0.2,0.8,TreeEnsembleQBCFunction,TreeFarmsFunction,1,100,0.01,Adder,0.02,Classification,compute,00:59:00,1000,65M1_UA0.02,MONK1/TreeFarms/Raw/65M1_UA0.02.pkl
MONK1,66,0.2,0.8,TreeEnsembleQBCFunction,TreeFarmsFunction,0,100,0.01,Adder,0.02,Classification,compute,00:59:00,1000,66M1_DA0.02,MONK1/TreeFarms/Raw/66M1_DA0.02.pkl
MONK1,66,0.2,0.8,TreeEnsembleQBCFunction,TreeFarmsFunction,1,100,0.01,Adder,0.02,Classification,compute,00:59:00,1000,66M1_UA0.02,MONK1/TreeFarms/Raw/66M1_UA0.02.pkl
MONK1,67,0.2,0.8,TreeEnsembleQBCFunction,TreeFarmsFunction,0,100,0.01,Adder,0.02,Classification,compute,00:59:00,1000,67M1_DA0.02,MONK1/TreeFarms/Raw/67M1_DA0.02.pkl
MONK1,67,0.2,0.8,TreeEnsembleQBCFunction,TreeFarmsFunction,1,100,0.01,Adder,0.02,Classification,compute,00:59:00,1000,67M1_UA0.02,MONK1/TreeFarms/Raw/67M1_UA0.02.pkl
MONK1,68,0.2,0.8,TreeEnsembleQBCFunction,TreeFarmsFunction,0,100,0.01,Adder,0.02,Classification,compute,00:59:00,1000,68M1_DA0.02,MONK1/TreeFarms/Raw/68M1_DA0.02.pkl
MONK1,68,0.2,0.8,TreeEnsembleQBCFunction,TreeFarmsFunction,1,100,0.01,Adder,0.02,Classification,compute,00:59:00,1000,68M1_UA0.02,MONK1/TreeFarms/Raw/68M1_UA0.02.pkl
MONK1,69,0.2,0.8,TreeEnsembleQBCFunction,TreeFarmsFunction,0,100,0.01,Adder,0.02,Classification,compute,00:59:00,1000,69M1_DA0.02,MONK1/TreeFarms/Raw/69M1_DA0.02.pkl
MONK1,69,0.2,0.8,TreeEnsembleQBCFunction,TreeFarmsFunction,1,100,0.01,Adder,0.02,Classification,compute,00:59:00,1000,69M1_UA0.02,MONK1/TreeFarms/Raw/69M1_UA0.02.pkl
MONK1,70,0.2,0.8,TreeEnsembleQBCFunction,TreeFarmsFunction,0,100,0.01,Adder,0.02,Classification,compute,00:59:00,1000,70M1_DA0.02,MONK1/TreeFarms/Raw/70M1_DA0.02.pkl
MONK1,70,0.2,0.8,TreeEnsembleQBCFunction,TreeFarmsFunction,1,100,0.01,Adder,0.02,Classification,compute,00:59:00,1000,70M1_UA0.02,MONK1/TreeFarms/Raw/70M1_UA0.02.pkl
MONK1,71,0.2,0.8,TreeEnsembleQBCFunction,TreeFarmsFunction,0,100,0.01,Adder,0.02,Classification,compute,00:59:00,1000,71M1_DA0.02,MONK1/TreeFarms/Raw/71M1_DA0.02.pkl
MONK1,71,0.2,0.8,TreeEnsembleQBCFunction,TreeFarmsFunction,1,100,0.01,Adder,0.02,Classification,compute,00:59:00,1000,71M1_UA0.02,MONK1/TreeFarms/Raw/71M1_UA0.02.pkl
MONK1,72,0.2,0.8,TreeEnsembleQBCFunction,TreeFarmsFunction,0,100,0.01,Adder,0.02,Classification,compute,00:59:00,1000,72M1_DA0.02,MONK1/TreeFarms/Raw/72M1_DA0.02.pkl
MONK1,72,0.2,0.8,TreeEnsembleQBCFunction,TreeFarmsFunction,1,100,0.01,Adder,0.02,Classification,compute,00:59:00,1000,72M1_UA0.02,MONK1/TreeFarms/Raw/72M1_UA0.02.pkl
MONK1,73,0.2,0.8,TreeEnsembleQBCFunction,TreeFarmsFunction,0,100,0.01,Adder,0.02,Classification,compute,00:59:00,1000,73M1_DA0.02,MONK1/TreeFarms/Raw/73M1_DA0.02.pkl
MONK1,73,0.2,0.8,TreeEnsembleQBCFunction,TreeFarmsFunction,1,100,0.01,Adder,0.02,Classification,compute,00:59:00,1000,73M1_UA0.02,MONK1/TreeFarms/Raw/73M1_UA0.02.pkl
MONK1,74,0.2,0.8,TreeEnsembleQBCFunction,TreeFarmsFunction,0,100,0.01,Adder,0.02,Classification,compute,00:59:00,1000,74M1_DA0.02,MONK1/TreeFarms/Raw/74M1_DA0.02.pkl
MONK1,74,0.2,0.8,TreeEnsembleQBCFunction,TreeFarmsFunction,1,100,0.01,Adder,0.02,Classification,compute,00:59:00,1000,74M1_UA0.02,MONK1/TreeFarms/Raw/74M1_UA0.02.pkl
MONK1,75,0.2,0.8,TreeEnsembleQBCFunction,TreeFarmsFunction,0,100,0.01,Adder,0.02,Classification,compute,00:59:00,1000,75M1_DA0.02,MONK1/TreeFarms/Raw/75M1_DA0.02.pkl
MONK1,75,0.2,0.8,TreeEnsembleQBCFunction,TreeFarmsFunction,1,100,0.01,Adder,0.02,Classification,compute,00:59:00,1000,75M1_UA0.02,MONK1/TreeFarms/Raw/75M1_UA0.02.pkl
MONK1,76,0.2,0.8,TreeEnsembleQBCFunction,TreeFarmsFunction,0,100,0.01,Adder,0.02,Classification,compute,00:59:00,1000,76M1_DA0.02,MONK1/TreeFarms/Raw/76M1_DA0.02.pkl
MONK1,76,0.2,0.8,TreeEnsembleQBCFunction,TreeFarmsFunction,1,100,0.01,Adder,0.02,Classification,compute,00:59:00,1000,76M1_UA0.02,MONK1/TreeFarms/Raw/76M1_UA0.02.pkl
MONK1,77,0.2,0.8,TreeEnsembleQBCFunction,TreeFarmsFunction,0,100,0.01,Adder,0.02,Classification,compute,00:59:00,1000,77M1_DA0.02,MONK1/TreeFarms/Raw/77M1_DA0.02.pkl
MONK1,77,0.2,0.8,TreeEnsembleQBCFunction,TreeFarmsFunction,1,100,0.01,Adder,0.02,Classification,compute,00:59:00,1000,77M1_UA0.02,MONK1/TreeFarms/Raw/77M1_UA0.02.pkl
MONK1,78,0.2,0.8,TreeEnsembleQBCFunction,TreeFarmsFunction,0,100,0.01,Adder,0.02,Classification,compute,00:59:00,1000,78M1_DA0.02,MONK1/TreeFarms/Raw/78M1_DA0.02.pkl
MONK1,78,0.2,0.8,TreeEnsembleQBCFunction,TreeFarmsFunction,1,100,0.01,Adder,0.02,Classification,compute,00:59:00,1000,78M1_UA0.02,MONK1/TreeFarms/Raw/78M1_UA0.02.pkl
MONK1,79,0.2,0.8,TreeEnsembleQBCFunction,TreeFarmsFunction,0,100,0.01,Adder,0.02,Classification,compute,00:59:00,1000,79M1_DA0.02,MONK1/TreeFarms/Raw/79M1_DA0.02.pkl
MONK1,79,0.2,0.8,TreeEnsembleQBCFunction,TreeFarmsFunction,1,100,0.01,Adder,0.02,Classification,compute,00:59:00,1000,79M1_UA0.02,MONK1/TreeFarms/Raw/79M1_UA0.02.pkl
MONK1,80,0.2,0.8,TreeEnsembleQBCFunction,TreeFarmsFunction,0,100,0.01,Adder,0.02,Classification,compute,00:59:00,1000,80M1_DA0.02,MONK1/TreeFarms/Raw/80M1_DA0.02.pkl
MONK1,80,0.2,0.8,TreeEnsembleQBCFunction,TreeFarmsFunction,1,100,0.01,Adder,0.02,Classification,compute,00:59:00,1000,80M1_UA0.02,MONK1/TreeFarms/Raw/80M1_UA0.02.pkl
MONK1,81,0.2,0.8,TreeEnsembleQBCFunction,TreeFarmsFunction,0,100,0.01,Adder,0.02,Classification,compute,00:59:00,1000,81M1_DA0.02,MONK1/TreeFarms/Raw/81M1_DA0.02.pkl
MONK1,81,0.2,0.8,TreeEnsembleQBCFunction,TreeFarmsFunction,1,100,0.01,Adder,0.02,Classification,compute,00:59:00,1000,81M1_UA0.02,MONK1/TreeFarms/Raw/81M1_UA0.02.pkl
MONK1,82,0.2,0.8,TreeEnsembleQBCFunction,TreeFarmsFunction,0,100,0.01,Adder,0.02,Classification,compute,00:59:00,1000,82M1_DA0.02,MONK1/TreeFarms/Raw/82M1_DA0.02.pkl
MONK1,82,0.2,0.8,TreeEnsembleQBCFunction,TreeFarmsFunction,1,100,0.01,Adder,0.02,Classification,compute,00:59:00,1000,82M1_UA0.02,MONK1/TreeFarms/Raw/82M1_UA0.02.pkl
MONK1,83,0.2,0.8,TreeEnsembleQBCFunction,TreeFarmsFunction,0,100,0.01,Adder,0.02,Classification,compute,00:59:00,1000,83M1_DA0.02,MONK1/TreeFarms/Raw/83M1_DA0.02.pkl
MONK1,83,0.2,0.8,TreeEnsembleQBCFunction,TreeFarmsFunction,1,100,0.01,Adder,0.02,Classification,compute,00:59:00,1000,83M1_UA0.02,MONK1/TreeFarms/Raw/83M1_UA0.02.pkl
MONK1,84,0.2,0.8,TreeEnsembleQBCFunction,TreeFarmsFunction,0,100,0.01,Adder,0.02,Classification,compute,00:59:00,1000,84M1_DA0.02,MONK1/TreeFarms/Raw/84M1_DA0.02.pkl
MONK1,84,0.2,0.8,TreeEnsembleQBCFunction,TreeFarmsFunction,1,100,0.01,Adder,0.02,Classification,compute,00:59:00,1000,84M1_UA0.02,MONK1/TreeFarms/Raw/84M1_UA0.02.pkl
MONK1,85,0.2,0.8,TreeEnsembleQBCFunction,TreeFarmsFunction,0,100,0.01,Adder,0.02,Classification,compute,00:59:00,1000,85M1_DA0.02,MONK1/TreeFarms/Raw/85M1_DA0.02.pkl
MONK1,85,0.2,0.8,TreeEnsembleQBCFunction,TreeFarmsFunction,1,100,0.01,Adder,0.02,Classification,compute,00:59:00,1000,85M1_UA0.02,MONK1/TreeFarms/Raw/85M1_UA0.02.pkl
MONK1,86,0.2,0.8,TreeEnsembleQBCFunction,TreeFarmsFunction,0,100,0.01,Adder,0.02,Classification,compute,00:59:00,1000,86M1_DA0.02,MONK1/TreeFarms/Raw/86M1_DA0.02.pkl
MONK1,86,0.2,0.8,TreeEnsembleQBCFunction,TreeFarmsFunction,1,100,0.01,Adder,0.02,Classification,compute,00:59:00,1000,86M1_UA0.02,MONK1/TreeFarms/Raw/86M1_UA0.02.pkl
MONK1,87,0.2,0.8,TreeEnsembleQBCFunction,TreeFarmsFunction,0,100,0.01,Adder,0.02,Classification,compute,00:59:00,1000,87M1_DA0.02,MONK1/TreeFarms/Raw/87M1_DA0.02.pkl
MONK1,87,0.2,0.8,TreeEnsembleQBCFunction,TreeFarmsFunction,1,100,0.01,Adder,0.02,Classification,compute,00:59:00,1000,87M1_UA0.02,MONK1/TreeFarms/Raw/87M1_UA0.02.pkl
MONK1,88,0.2,0.8,TreeEnsembleQBCFunction,TreeFarmsFunction,0,100,0.01,Adder,0.02,Classification,compute,00:59:00,1000,88M1_DA0.02,MONK1/TreeFarms/Raw/88M1_DA0.02.pkl
MONK1,88,0.2,0.8,TreeEnsembleQBCFunction,TreeFarmsFunction,1,100,0.01,Adder,0.02,Classification,compute,00:59:00,1000,88M1_UA0.02,MONK1/TreeFarms/Raw/88M1_UA0.02.pkl
MONK1,89,0.2,0.8,TreeEnsembleQBCFunction,TreeFarmsFunction,0,100,0.01,Adder,0.02,Classification,compute,00:59:00,1000,89M1_DA0.02,MONK1/TreeFarms/Raw/89M1_DA0.02.pkl
MONK1,89,0.2,0.8,TreeEnsembleQBCFunction,TreeFarmsFunction,1,100,0.01,Adder,0.02,Classification,compute,00:59:00,1000,89M1_UA0.02,MONK1/TreeFarms/Raw/89M1_UA0.02.pkl
MONK1,90,0.2,0.8,TreeEnsembleQBCFunction,TreeFarmsFunction,0,100,0.01,Adder,0.02,Classification,compute,00:59:00,1000,90M1_DA0.02,MONK1/TreeFarms/Raw/90M1_DA0.02.pkl
MONK1,90,0.2,0.8,TreeEnsembleQBCFunction,TreeFarmsFunction,1,100,0.01,Adder,0.02,Classification,compute,00:59:00,1000,90M1_UA0.02,MONK1/TreeFarms/Raw/90M1_UA0.02.pkl
MONK1,91,0.2,0.8,TreeEnsembleQBCFunction,TreeFarmsFunction,0,100,0.01,Adder,0.02,Classification,compute,00:59:00,1000,91M1_DA0.02,MONK1/TreeFarms/Raw/91M1_DA0.02.pkl
MONK1,91,0.2,0.8,TreeEnsembleQBCFunction,TreeFarmsFunction,1,100,0.01,Adder,0.02,Classification,compute,00:59:00,1000,91M1_UA0.02,MONK1/TreeFarms/Raw/91M1_UA0.02.pkl
MONK1,92,0.2,0.8,TreeEnsembleQBCFunction,TreeFarmsFunction,0,100,0.01,Adder,0.02,Classification,compute,00:59:00,1000,92M1_DA0.02,MONK1/TreeFarms/Raw/92M1_DA0.02.pkl
MONK1,92,0.2,0.8,TreeEnsembleQBCFunction,TreeFarmsFunction,1,100,0.01,Adder,0.02,Classification,compute,00:59:00,1000,92M1_UA0.02,MONK1/TreeFarms/Raw/92M1_UA0.02.pkl
MONK1,93,0.2,0.8,TreeEnsembleQBCFunction,TreeFarmsFunction,0,100,0.01,Adder,0.02,Classification,compute,00:59:00,1000,93M1_DA0.02,MONK1/TreeFarms/Raw/93M1_DA0.02.pkl
MONK1,93,0.2,0.8,TreeEnsembleQBCFunction,TreeFarmsFunction,1,100,0.01,Adder,0.02,Classification,compute,00:59:00,1000,93M1_UA0.02,MONK1/TreeFarms/Raw/93M1_UA0.02.pkl
MONK1,94,0.2,0.8,TreeEnsembleQBCFunction,TreeFarmsFunction,0,100,0.01,Adder,0.02,Classification,compute,00:59:00,1000,94M1_DA0.02,MONK1/TreeFarms/Raw/94M1_DA0.02.pkl
MONK1,94,0.2,0.8,TreeEnsembleQBCFunction,TreeFarmsFunction,1,100,0.01,Adder,0.02,Classification,compute,00:59:00,1000,94M1_UA0.02,MONK1/TreeFarms/Raw/94M1_UA0.02.pkl
MONK1,95,0.2,0.8,TreeEnsembleQBCFunction,TreeFarmsFunction,0,100,0.01,Adder,0.02,Classification,compute,00:59:00,1000,95M1_DA0.02,MONK1/TreeFarms/Raw/95M1_DA0.02.pkl
MONK1,95,0.2,0.8,TreeEnsembleQBCFunction,TreeFarmsFunction,1,100,0.01,Adder,0.02,Classification,compute,00:59:00,1000,95M1_UA0.02,MONK1/TreeFarms/Raw/95M1_UA0.02.pkl
MONK1,96,0.2,0.8,TreeEnsembleQBCFunction,TreeFarmsFunction,0,100,0.01,Adder,0.02,Classification,compute,00:59:00,1000,96M1_DA0.02,MONK1/TreeFarms/Raw/96M1_DA0.02.pkl
MONK1,96,0.2,0.8,TreeEnsembleQBCFunction,TreeFarmsFunction,1,100,0.01,Adder,0.02,Classification,compute,00:59:00,1000,96M1_UA0.02,MONK1/TreeFarms/Raw/96M1_UA0.02.pkl
MONK1,97,0.2,0.8,TreeEnsembleQBCFunction,TreeFarmsFunction,0,100,0.01,Adder,0.02,Classification,compute,00:59:00,1000,97M1_DA0.02,MONK1/TreeFarms/Raw/97M1_DA0.02.pkl
MONK1,97,0.2,0.8,TreeEnsembleQBCFunction,TreeFarmsFunction,1,100,0.01,Adder,0.02,Classification,compute,00:59:00,1000,97M1_UA0.02,MONK1/TreeFarms/Raw/97M1_UA0.02.pkl
MONK1,98,0.2,0.8,TreeEnsembleQBCFunction,TreeFarmsFunction,0,100,0.01,Adder,0.02,Classification,compute,00:59:00,1000,98M1_DA0.02,MONK1/TreeFarms/Raw/98M1_DA0.02.pkl
MONK1,98,0.2,0.8,TreeEnsembleQBCFunction,TreeFarmsFunction,1,100,0.01,Adder,0.02,Classification,compute,00:59:00,1000,98M1_UA0.02,MONK1/TreeFarms/Raw/98M1_UA0.02.pkl
MONK1,99,0.2,0.8,TreeEnsembleQBCFunction,TreeFarmsFunction,0,100,0.01,Adder,0.02,Classification,compute,00:59:00,1000,99M1_DA0.02,MONK1/TreeFarms/Raw/99M1_DA0.02.pkl
MONK1,99,0.2,0.8,TreeEnsembleQBCFunction,TreeFarmsFunction,1,100,0.01,Adder,0.02,Classification,compute,00:59:00,1000,99M1_UA0.02,MONK1/TreeFarms/Raw/99M1_UA0.02.pkl
